yyyy,mm,dd
2017,1,20
2017,1,21
2017,2,5
2017,2,22
2017,3,28
2017,4,6
2017,4,8
2017,4,16
2017,5,1
2017,5,13
2017,5,23
2017,5,24
2017,5,31
2017,6,9
2017,6,19
2017,6,23
2017,6,26
2017,7,2
2017,7,7
2017,7,12
2017,7,15
2017,7,16
2017,7,31
2017,8,16
2017,8,20
2017,9,8
2017,11,25
2017,12,7
2017,12,15
2017,12,23
2017,12,24
2017,12,30
2018,1,8
2018,2,23
2018,3,4
2018,3,11
2018,3,12
2018,3,15
2018,3,24
2018,3,25
2018,3,26
2018,4,1
2018,4,3
2018,4,9
2018,5,13
2018,5,16
2018,5,17
2018,5,18
2018,5,29
2018,6,9
2018,6,20
2018,6,24
2018,6,25
2018,6,26
2018,6,27
2018,6,29
2018,6,30
2018,7,2
2018,7,16
2018,7,18
2018,7,20
2018,7,27
2018,8,24
2018,8,28
2018,8,29
2018,9,16
2018,10,28
2018,12,3
2018,12,13
2018,12,16
2019,1,14
2019,1,23
2019,2,15
2019,2,24
2019,2,25
2019,3,5
2019,3,6
2019,3,15
2019,3,20
2019,3,21
2019,3,26
2019,3,27
2019,4,21
2019,5,19
2019,6,27
